{
  "model": {
    "type": "select",
    "property": "custom_model_data",
    "fallback": {
      "type": "model",
      "model": "item/music_disc_13"
    },
    "cases": [
      {
        "when": "agartha_boxhead_core0",
        "model": {
          "type": "model",
          "model": "item/agartha_boxhead_core0"
        }
      },
      {
        "when": "holes_and_pizza_roles1",
        "model": {
          "type": "model",
          "model": "item/holes_and_pizza_roles1"
        }
      }
    ]
  }
}