{
  "model": {
    "type": "select",
    "property": "custom_model_data",
    "fallback": {
      "type": "model",
      "model": "item/music_disc_13"
    },
    "cases": [
      {
        "when": "pizza_roles0",
        "model": {
          "type": "model",
          "model": "item/pizza_roles0"
        }
      },
      {
        "when": "agartha1",
        "model": {
          "type": "model",
          "model": "item/agartha1"
        }
      },
      {
        "when": "dj_picka2",
        "model": {
          "type": "model",
          "model": "item/dj_picka2"
        }
      },
      {
        "when": "hunnidolla3",
        "model": {
          "type": "model",
          "model": "item/hunnidolla3"
        }
      },
      {
        "when": "pixel_pig4",
        "model": {
          "type": "model",
          "model": "item/pixel_pig4"
        }
      },
      {
        "when": "hamter_dance_song5",
        "model": {
          "type": "model",
          "model": "item/hamter_dance_song5"
        }
      },
      {
        "when": "nekc_hurts_or_sm6",
        "model": {
          "type": "model",
          "model": "item/nekc_hurts_or_sm6"
        }
      },
      {
        "when": "hard7",
        "model": {
          "type": "model",
          "model": "item/hard7"
        }
      },
      {
        "when": "number8",
        "model": {
          "type": "model",
          "model": "item/number8"
        }
      },
      {
        "when": "be_nice_to_me_nigga9",
        "model": {
          "type": "model",
          "model": "item/be_nice_to_me_nigga9"
        }
      },
      {
        "when": "bounce10",
        "model": {
          "type": "model",
          "model": "item/bounce10"
        }
      }
    ]
  }
}