{
  "type": "minecraft:entity",
  "pools": [
    {
      "bonus_rolls": 0,
      "entries": [
        {
          "type": "minecraft:item",
          "functions": [
            {
              "add": false,
              "count": {
                "type": "minecraft:uniform",
                "max": 2,
                "min": 0
              },
              "function": "minecraft:set_count"
            },
            {
              "count": {
                "type": "minecraft:uniform",
                "max": 1,
                "min": 0
              },
              "enchantment": "minecraft:looting",
              "function": "minecraft:enchanted_count_increase"
            }
          ],
          "name": "minecraft:gunpowder"
        }
      ],
      "rolls": 1
    },
    {
      "bonus_rolls": 0,
      "conditions": [
        {
          "condition": "minecraft:entity_properties",
          "entity": "attacker",
          "predicate": {
            "type": "#minecraft:skeletons"
          }
        }
      ],
      "entries": [
        {
          "type": "minecraft:tag",
          "expand": true,
          "name": "minecraft:creeper_drop_music_discs",
          "weight": 1,
          "quality": 1
        }
      ],
      "rolls": 1
    },
    {
      "bonus_rolls": 0,
      "conditions": [
        {
          "condition": "minecraft:entity_properties",
          "entity": "attacker",
          "predicate": {
            "type": "#minecraft:skeletons"
          }
        }
      ],
      "entries": [
        {
          "type": "minecraft:item",
          "components": {
            "minecraft:custom_model_data": {
              "strings": [
                "pizza_roles0"
              ]
            },
            "minecraft:jukebox_playable": "new_music:pizza_roles0"
          },
          "name": "minecraft:music_disc_13",
          "weight": 1,
          "quality": 1,
          "functions": [
            {
              "function": "minecraft:set_components",
              "components": {
                "minecraft:custom_model_data": {
                  "strings": [
                    "pizza_roles0"
                  ]
                },
                "minecraft:jukebox_playable": "new_music:pizza_roles0"
              }
            }
          ]
        },
        {
          "type": "minecraft:item",
          "components": {
            "minecraft:custom_model_data": {
              "strings": [
                "agartha1"
              ]
            },
            "minecraft:jukebox_playable": "new_music:agartha1"
          },
          "name": "minecraft:music_disc_13",
          "weight": 1,
          "quality": 1,
          "functions": [
            {
              "function": "minecraft:set_components",
              "components": {
                "minecraft:custom_model_data": {
                  "strings": [
                    "agartha1"
                  ]
                },
                "minecraft:jukebox_playable": "new_music:agartha1"
              }
            }
          ]
        },
        {
          "type": "minecraft:item",
          "components": {
            "minecraft:custom_model_data": {
              "strings": [
                "dj_picka2"
              ]
            },
            "minecraft:jukebox_playable": "new_music:dj_picka2"
          },
          "name": "minecraft:music_disc_13",
          "weight": 1,
          "quality": 1,
          "functions": [
            {
              "function": "minecraft:set_components",
              "components": {
                "minecraft:custom_model_data": {
                  "strings": [
                    "dj_picka2"
                  ]
                },
                "minecraft:jukebox_playable": "new_music:dj_picka2"
              }
            }
          ]
        },
        {
          "type": "minecraft:item",
          "components": {
            "minecraft:custom_model_data": {
              "strings": [
                "hunnidolla3"
              ]
            },
            "minecraft:jukebox_playable": "new_music:hunnidolla3"
          },
          "name": "minecraft:music_disc_13",
          "weight": 1,
          "quality": 1,
          "functions": [
            {
              "function": "minecraft:set_components",
              "components": {
                "minecraft:custom_model_data": {
                  "strings": [
                    "hunnidolla3"
                  ]
                },
                "minecraft:jukebox_playable": "new_music:hunnidolla3"
              }
            }
          ]
        },
        {
          "type": "minecraft:item",
          "components": {
            "minecraft:custom_model_data": {
              "strings": [
                "pixel_pig4"
              ]
            },
            "minecraft:jukebox_playable": "new_music:pixel_pig4"
          },
          "name": "minecraft:music_disc_13",
          "weight": 1,
          "quality": 1,
          "functions": [
            {
              "function": "minecraft:set_components",
              "components": {
                "minecraft:custom_model_data": {
                  "strings": [
                    "pixel_pig4"
                  ]
                },
                "minecraft:jukebox_playable": "new_music:pixel_pig4"
              }
            }
          ]
        },
        {
          "type": "minecraft:item",
          "components": {
            "minecraft:custom_model_data": {
              "strings": [
                "hamter_dance_song5"
              ]
            },
            "minecraft:jukebox_playable": "new_music:hamter_dance_song5"
          },
          "name": "minecraft:music_disc_13",
          "weight": 1,
          "quality": 1,
          "functions": [
            {
              "function": "minecraft:set_components",
              "components": {
                "minecraft:custom_model_data": {
                  "strings": [
                    "hamter_dance_song5"
                  ]
                },
                "minecraft:jukebox_playable": "new_music:hamter_dance_song5"
              }
            }
          ]
        },
        {
          "type": "minecraft:item",
          "components": {
            "minecraft:custom_model_data": {
              "strings": [
                "nekc_hurts_or_sm6"
              ]
            },
            "minecraft:jukebox_playable": "new_music:nekc_hurts_or_sm6"
          },
          "name": "minecraft:music_disc_13",
          "weight": 1,
          "quality": 1,
          "functions": [
            {
              "function": "minecraft:set_components",
              "components": {
                "minecraft:custom_model_data": {
                  "strings": [
                    "nekc_hurts_or_sm6"
                  ]
                },
                "minecraft:jukebox_playable": "new_music:nekc_hurts_or_sm6"
              }
            }
          ]
        },
        {
          "type": "minecraft:item",
          "components": {
            "minecraft:custom_model_data": {
              "strings": [
                "hard7"
              ]
            },
            "minecraft:jukebox_playable": "new_music:hard7"
          },
          "name": "minecraft:music_disc_13",
          "weight": 1,
          "quality": 1,
          "functions": [
            {
              "function": "minecraft:set_components",
              "components": {
                "minecraft:custom_model_data": {
                  "strings": [
                    "hard7"
                  ]
                },
                "minecraft:jukebox_playable": "new_music:hard7"
              }
            }
          ]
        },
        {
          "type": "minecraft:item",
          "components": {
            "minecraft:custom_model_data": {
              "strings": [
                "number8"
              ]
            },
            "minecraft:jukebox_playable": "new_music:number8"
          },
          "name": "minecraft:music_disc_13",
          "weight": 1,
          "quality": 1,
          "functions": [
            {
              "function": "minecraft:set_components",
              "components": {
                "minecraft:custom_model_data": {
                  "strings": [
                    "number8"
                  ]
                },
                "minecraft:jukebox_playable": "new_music:number8"
              }
            }
          ]
        },
        {
          "type": "minecraft:item",
          "components": {
            "minecraft:custom_model_data": {
              "strings": [
                "be_nice_to_me_nigga9"
              ]
            },
            "minecraft:jukebox_playable": "new_music:be_nice_to_me_nigga9"
          },
          "name": "minecraft:music_disc_13",
          "weight": 1,
          "quality": 1,
          "functions": [
            {
              "function": "minecraft:set_components",
              "components": {
                "minecraft:custom_model_data": {
                  "strings": [
                    "be_nice_to_me_nigga9"
                  ]
                },
                "minecraft:jukebox_playable": "new_music:be_nice_to_me_nigga9"
              }
            }
          ]
        },
        {
          "type": "minecraft:item",
          "components": {
            "minecraft:custom_model_data": {
              "strings": [
                "bounce10"
              ]
            },
            "minecraft:jukebox_playable": "new_music:bounce10"
          },
          "name": "minecraft:music_disc_13",
          "weight": 1,
          "quality": 1,
          "functions": [
            {
              "function": "minecraft:set_components",
              "components": {
                "minecraft:custom_model_data": {
                  "strings": [
                    "bounce10"
                  ]
                },
                "minecraft:jukebox_playable": "new_music:bounce10"
              }
            }
          ]
        }
      ],
      "rolls": 1
    }
  ],
  "random_sequence": "minecraft:entities/creeper"
}