{
  "music_disc.pizza_roles0": {
    "sounds": [
      {
        "name": "records/music_disc_pizza_roles0",
        "stream": true
      }
    ]
  },
  "music_disc.agartha1": {
    "sounds": [
      {
        "name": "records/music_disc_agartha1",
        "stream": true
      }
    ]
  },
  "music_disc.dj_picka2": {
    "sounds": [
      {
        "name": "records/music_disc_dj_picka2",
        "stream": true
      }
    ]
  },
  "music_disc.hunnidolla3": {
    "sounds": [
      {
        "name": "records/music_disc_hunnidolla3",
        "stream": true
      }
    ]
  },
  "music_disc.pixel_pig4": {
    "sounds": [
      {
        "name": "records/music_disc_pixel_pig4",
        "stream": true
      }
    ]
  },
  "music_disc.hamter_dance_song5": {
    "sounds": [
      {
        "name": "records/music_disc_hamter_dance_song5",
        "stream": true
      }
    ]
  },
  "music_disc.nekc_hurts_or_sm6": {
    "sounds": [
      {
        "name": "records/music_disc_nekc_hurts_or_sm6",
        "stream": true
      }
    ]
  },
  "music_disc.hard7": {
    "sounds": [
      {
        "name": "records/music_disc_hard7",
        "stream": true
      }
    ]
  },
  "music_disc.number8": {
    "sounds": [
      {
        "name": "records/music_disc_number8",
        "stream": true
      }
    ]
  },
  "music_disc.be_nice_to_me_nigga9": {
    "sounds": [
      {
        "name": "records/music_disc_be_nice_to_me_nigga9",
        "stream": true
      }
    ]
  },
  "music_disc.bounce10": {
    "sounds": [
      {
        "name": "records/music_disc_bounce10",
        "stream": true
      }
    ]
  }
}