{
  "model": {
    "type": "select",
    "property": "custom_model_data",
    "fallback": {
      "type": "model",
      "model": "item/music_disc_13"
    },
    "cases": [
      {
        "when": "agartha0",
        "model": {
          "type": "model",
          "model": "item/agartha0"
        }
      },
      {
        "when": "pizza_roles1",
        "model": {
          "type": "model",
          "model": "item/pizza_roles1"
        }
      },
      {
        "when": "dj_picka2",
        "model": {
          "type": "model",
          "model": "item/dj_picka2"
        }
      }
    ]
  }
}